Player,Team,qbMult,Team,AvgDefYds,EstYds
Murray,Arizona Cardinals,1.043991617891466,Atlanta Falcons,306.875,320.37492774044364
Murray,Arizona Cardinals,1.043991617891466,Baltimore Ravens,266.75,278.48476407254856
Murray,Arizona Cardinals,1.043991617891466,Buffalo Bills,203.14285714285714,212.07944009166638
Murray,Arizona Cardinals,1.043991617891466,Carolina Panthers,232.0,242.20605535082012
Murray,Arizona Cardinals,1.043991617891466,Chicago Bears,188.0,196.27042416359564
Murray,Arizona Cardinals,1.043991617891466,Cincinnati Bengals,210.375,219.62973661391717
Murray,Arizona Cardinals,1.043991617891466,Cleveland Browns,208.25,217.41125442589782
Murray,Arizona Cardinals,1.043991617891466,Dallas Cowboys,178.375,186.22200484139026
Murray,Arizona Cardinals,1.043991617891466,Denver Broncos,165.75,173.04161066551052
Murray,Arizona Cardinals,1.043991617891466,Detroit Lions,266.42857142857144,278.1491953382263
Murray,Arizona Cardinals,1.043991617891466,Green Bay Packers,174.75,182.4375352265337
Murray,Arizona Cardinals,1.043991617891466,Houston Texans,217.57142857142858,227.14274772124327
Murray,Arizona Cardinals,1.043991617891466,Indianapolis Colts,199.75,208.53732567382036
Murray,Arizona Cardinals,1.043991617891466,Jacksonville Jaguars,237.125,247.5565123925139
Murray,Arizona Cardinals,1.043991617891466,Kansas City Chiefs,277.0,289.1856781559361
Murray,Arizona Cardinals,1.043991617891466,Las Vegas Raiders,258.14285714285717,269.49897907569704
Murray,Arizona Cardinals,1.043991617891466,Los Angeles Chargers,220.0,229.67815593612255
Murray,Arizona Cardinals,1.043991617891466,Los Angeles Rams,205.71428571428572,214.76398996624445
Murray,Arizona Cardinals,1.043991617891466,Miami Dolphins,262.125,273.65630283980056
Murray,Arizona Cardinals,1.043991617891466,Minnesota Vikings,275.57142857142856,287.6942615589483
Murray,Arizona Cardinals,1.043991617891466,New England Patriots,224.5,234.37611821663415
Murray,Arizona Cardinals,1.043991617891466,New Orleans Saints,208.25,217.41125442589782
Murray,Arizona Cardinals,1.043991617891466,New York Giants,208.375,217.54175337813425
Murray,Arizona Cardinals,1.043991617891466,New York Jets,203.375,212.32179528867692
Murray,Arizona Cardinals,1.043991617891466,Philadelphia Eagles,183.42857142857142,191.49789105323464
Murray,Arizona Cardinals,1.043991617891466,Pittsburgh Steelers,277.25,289.446676060409
Murray,Arizona Cardinals,1.043991617891466,San Francisco 49ers,199.25,208.01532986487462
Murray,Arizona Cardinals,1.043991617891466,Seattle Seahawks,236.625,247.03451658356818
Murray,Arizona Cardinals,1.043991617891466,Tampa Bay Buccaneers,194.0,202.53437387094442
Murray,Arizona Cardinals,1.043991617891466,Tennessee Titans,254.71428571428572,265.9195792429263
Murray,Arizona Cardinals,1.043991617891466,Washington Commanders,214.0,223.41420622877374
Mariota,Atlanta Falcons,0.7501987137798974,Arizona Cardinals,252.25,189.23762555097912
Mariota,Atlanta Falcons,0.7501987137798974,Baltimore Ravens,266.75,200.11550690078764
Mariota,Atlanta Falcons,0.7501987137798974,Buffalo Bills,203.14285714285714,152.39751014214488
Mariota,Atlanta Falcons,0.7501987137798974,Carolina Panthers,232.0,174.0461015969362
Mariota,Atlanta Falcons,0.7501987137798974,Chicago Bears,188.0,141.03735819062072
Mariota,Atlanta Falcons,0.7501987137798974,Cincinnati Bengals,210.375,157.82305441144592
Mariota,Atlanta Falcons,0.7501987137798974,Cleveland Browns,208.25,156.22888214466363
Mariota,Atlanta Falcons,0.7501987137798974,Dallas Cowboys,178.375,133.8166955704892
Mariota,Atlanta Falcons,0.7501987137798974,Denver Broncos,165.75,124.345436809018
Mariota,Atlanta Falcons,0.7501987137798974,Detroit Lions,266.42857142857144,199.87437159992984
Mariota,Atlanta Falcons,0.7501987137798974,Green Bay Packers,174.75,131.09722523303708
Mariota,Atlanta Falcons,0.7501987137798974,Houston Texans,217.57142857142858,163.22180586954056
Mariota,Atlanta Falcons,0.7501987137798974,Indianapolis Colts,199.75,149.8521930775345
Mariota,Atlanta Falcons,0.7501987137798974,Jacksonville Jaguars,237.125,177.8908700050582
Mariota,Atlanta Falcons,0.7501987137798974,Kansas City Chiefs,277.0,207.8050437170316
Mariota,Atlanta Falcons,0.7501987137798974,Las Vegas Raiders,258.14285714285717,193.65843940003927
Mariota,Atlanta Falcons,0.7501987137798974,Los Angeles Chargers,220.0,165.04371703157744
Mariota,Atlanta Falcons,0.7501987137798974,Los Angeles Rams,205.71428571428572,154.32659254900747
Mariota,Atlanta Falcons,0.7501987137798974,Miami Dolphins,262.125,196.64583784955562
Mariota,Atlanta Falcons,0.7501987137798974,Minnesota Vikings,275.57142857142856,206.73333126877458
Mariota,Atlanta Falcons,0.7501987137798974,New England Patriots,224.5,168.41961124358698
Mariota,Atlanta Falcons,0.7501987137798974,New Orleans Saints,208.25,156.22888214466363
Mariota,Atlanta Falcons,0.7501987137798974,New York Giants,208.375,156.32265698388613
Mariota,Atlanta Falcons,0.7501987137798974,New York Jets,203.375,152.57166341498663
Mariota,Atlanta Falcons,0.7501987137798974,Philadelphia Eagles,183.42857142857142,137.6078783561983
Mariota,Atlanta Falcons,0.7501987137798974,Pittsburgh Steelers,277.25,207.99259339547658
Mariota,Atlanta Falcons,0.7501987137798974,San Francisco 49ers,199.25,149.47709372064458
Mariota,Atlanta Falcons,0.7501987137798974,Seattle Seahawks,236.625,177.51577064816823
Mariota,Atlanta Falcons,0.7501987137798974,Tampa Bay Buccaneers,194.0,145.5385504733001
Mariota,Atlanta Falcons,0.7501987137798974,Tennessee Titans,254.71428571428572,191.08632952422246
Mariota,Atlanta Falcons,0.7501987137798974,Washington Commanders,214.0,160.54252474889805
Jackson,Baltimore Ravens,0.8566514921598382,Arizona Cardinals,252.25,216.09033889731919
Jackson,Baltimore Ravens,0.8566514921598382,Atlanta Falcons,306.875,262.88492665655036
Jackson,Baltimore Ravens,0.8566514921598382,Buffalo Bills,203.14285714285714,174.0226316930414
Jackson,Baltimore Ravens,0.8566514921598382,Carolina Panthers,232.0,198.74314618108247
Jackson,Baltimore Ravens,0.8566514921598382,Chicago Bears,188.0,161.05048052604957
Jackson,Baltimore Ravens,0.8566514921598382,Cincinnati Bengals,210.375,180.21805766312596
Jackson,Baltimore Ravens,0.8566514921598382,Cleveland Browns,208.25,178.3976732422863
Jackson,Baltimore Ravens,0.8566514921598382,Dallas Cowboys,178.375,152.80520991401113
Jackson,Baltimore Ravens,0.8566514921598382,Denver Broncos,165.75,141.98998482549317
Jackson,Baltimore Ravens,0.8566514921598382,Detroit Lions,266.42857142857144,228.23643326829975
Jackson,Baltimore Ravens,0.8566514921598382,Green Bay Packers,174.75,149.6998482549317
Jackson,Baltimore Ravens,0.8566514921598382,Houston Texans,217.57142857142858,186.38288893706195
Jackson,Baltimore Ravens,0.8566514921598382,Indianapolis Colts,199.75,171.11613555892768
Jackson,Baltimore Ravens,0.8566514921598382,Jacksonville Jaguars,237.125,203.13348507840163
Jackson,Baltimore Ravens,0.8566514921598382,Kansas City Chiefs,277.0,237.29246332827518
Jackson,Baltimore Ravens,0.8566514921598382,Las Vegas Raiders,258.14285714285717,221.13846376183253
Jackson,Baltimore Ravens,0.8566514921598382,Los Angeles Chargers,220.0,188.4633282751644
Jackson,Baltimore Ravens,0.8566514921598382,Los Angeles Rams,205.71428571428572,176.22544981573813
Jackson,Baltimore Ravens,0.8566514921598382,Miami Dolphins,262.125,224.54977238239758
Jackson,Baltimore Ravens,0.8566514921598382,Minnesota Vikings,275.57142857142856,236.06867548233254
Jackson,Baltimore Ravens,0.8566514921598382,New England Patriots,224.5,192.31825998988367
Jackson,Baltimore Ravens,0.8566514921598382,New Orleans Saints,208.25,178.3976732422863
Jackson,Baltimore Ravens,0.8566514921598382,New York Giants,208.375,178.50475467880628
Jackson,Baltimore Ravens,0.8566514921598382,New York Jets,203.375,174.22149721800707
Jackson,Baltimore Ravens,0.8566514921598382,Philadelphia Eagles,183.42857142857142,157.13435941903316
Jackson,Baltimore Ravens,0.8566514921598382,Pittsburgh Steelers,277.25,237.50662620131513
Jackson,Baltimore Ravens,0.8566514921598382,San Francisco 49ers,199.25,170.68780981284775
Jackson,Baltimore Ravens,0.8566514921598382,Seattle Seahawks,236.625,202.7051593323217
Jackson,Baltimore Ravens,0.8566514921598382,Tampa Bay Buccaneers,194.0,166.19038947900862
Jackson,Baltimore Ravens,0.8566514921598382,Tennessee Titans,254.71428571428572,218.2013729315702
Jackson,Baltimore Ravens,0.8566514921598382,Washington Commanders,214.0,183.32341932220535
Allen,Buffalo Bills,1.3159910398150156,Arizona Cardinals,252.25,331.9587397933377
Allen,Buffalo Bills,1.3159910398150156,Atlanta Falcons,306.875,403.84475034323293
Allen,Buffalo Bills,1.3159910398150156,Baltimore Ravens,266.75,351.04060987065543
Allen,Buffalo Bills,1.3159910398150156,Carolina Panthers,232.0,305.30992123708364
Allen,Buffalo Bills,1.3159910398150156,Chicago Bears,188.0,247.40631548522293
Allen,Buffalo Bills,1.3159910398150156,Cincinnati Bengals,210.375,276.8516150010839
Allen,Buffalo Bills,1.3159910398150156,Cleveland Browns,208.25,274.055134041477
Allen,Buffalo Bills,1.3159910398150156,Dallas Cowboys,178.375,234.73990172700343
Allen,Buffalo Bills,1.3159910398150156,Denver Broncos,165.75,218.12551484933886
Allen,Buffalo Bills,1.3159910398150156,Detroit Lions,266.42857142857144,350.6176127507149
Allen,Buffalo Bills,1.3159910398150156,Green Bay Packers,174.75,229.96943420767397
Allen,Buffalo Bills,1.3159910398150156,Houston Texans,217.57142857142858,286.3220505197527
Allen,Buffalo Bills,1.3159910398150156,Indianapolis Colts,199.75,262.86921020304936
Allen,Buffalo Bills,1.3159910398150156,Jacksonville Jaguars,237.125,312.0543753161356
Allen,Buffalo Bills,1.3159910398150156,Kansas City Chiefs,277.0,364.52951802875936
Allen,Buffalo Bills,1.3159910398150156,Las Vegas Raiders,258.14285714285717,339.71368699224763
Allen,Buffalo Bills,1.3159910398150156,Los Angeles Chargers,220.0,289.51802875930343
Allen,Buffalo Bills,1.3159910398150156,Los Angeles Rams,205.71428571428572,270.7181567619461
Allen,Buffalo Bills,1.3159910398150156,Miami Dolphins,262.125,344.954151311511
Allen,Buffalo Bills,1.3159910398150156,Minnesota Vikings,275.57142857142856,362.64953082902355
Allen,Buffalo Bills,1.3159910398150156,New England Patriots,224.5,295.439988438471
Allen,Buffalo Bills,1.3159910398150156,New Orleans Saints,208.25,274.055134041477
Allen,Buffalo Bills,1.3159910398150156,New York Giants,208.375,274.21963292145387
Allen,Buffalo Bills,1.3159910398150156,New York Jets,203.375,267.6396777223788
Allen,Buffalo Bills,1.3159910398150156,Philadelphia Eagles,183.42857142857142,241.39035644606858
Allen,Buffalo Bills,1.3159910398150156,Pittsburgh Steelers,277.25,364.8585157887131
Allen,Buffalo Bills,1.3159910398150156,San Francisco 49ers,199.25,262.21121468314186
Allen,Buffalo Bills,1.3159910398150156,Seattle Seahawks,236.625,311.3963797962281
Allen,Buffalo Bills,1.3159910398150156,Tampa Bay Buccaneers,194.0,255.30226172411304
Allen,Buffalo Bills,1.3159910398150156,Tennessee Titans,254.71428571428572,335.2017177128819
Allen,Buffalo Bills,1.3159910398150156,Washington Commanders,214.0,281.62208252041336
Mayfield,Carolina Panthers,0.8063588409567166,Arizona Cardinals,252.25,203.40401763133175
Mayfield,Carolina Panthers,0.8063588409567166,Atlanta Falcons,306.875,247.4513693185924
Mayfield,Carolina Panthers,0.8063588409567166,Baltimore Ravens,266.75,215.09622082520417
Mayfield,Carolina Panthers,0.8063588409567166,Buffalo Bills,203.14285714285714,163.80603883435015
Mayfield,Carolina Panthers,0.8063588409567166,Chicago Bears,188.0,151.59546209986271
Mayfield,Carolina Panthers,0.8063588409567166,Cincinnati Bengals,210.375,169.63774116626925
Mayfield,Carolina Panthers,0.8063588409567166,Cleveland Browns,208.25,167.92422862923624
Mayfield,Carolina Panthers,0.8063588409567166,Dallas Cowboys,178.375,143.83425825565433
Mayfield,Carolina Panthers,0.8063588409567166,Denver Broncos,165.75,133.65397788857578
Mayfield,Carolina Panthers,0.8063588409567166,Detroit Lions,266.42857142857144,214.83703405489666
Mayfield,Carolina Panthers,0.8063588409567166,Green Bay Packers,174.75,140.91120745718624
Mayfield,Carolina Panthers,0.8063588409567166,Houston Texans,217.57142857142858,175.4406449681542
Mayfield,Carolina Panthers,0.8063588409567166,Indianapolis Colts,199.75,161.07017848110414
Mayfield,Carolina Panthers,0.8063588409567166,Jacksonville Jaguars,237.125,191.20784016186144
Mayfield,Carolina Panthers,0.8063588409567166,Kansas City Chiefs,277.0,223.3613989450105
Mayfield,Carolina Panthers,0.8063588409567166,Las Vegas Raiders,258.14285714285717,208.15577508696958
Mayfield,Carolina Panthers,0.8063588409567166,Los Angeles Chargers,220.0,177.39894501047766
Mayfield,Carolina Panthers,0.8063588409567166,Los Angeles Rams,205.71428571428572,165.87953299681027
Mayfield,Carolina Panthers,0.8063588409567166,Miami Dolphins,262.125,211.36681118577934
Mayfield,Carolina Panthers,0.8063588409567166,Minnesota Vikings,275.57142857142856,222.20945774364375
Mayfield,Carolina Panthers,0.8063588409567166,New England Patriots,224.5,181.0275597947829
Mayfield,Carolina Panthers,0.8063588409567166,New Orleans Saints,208.25,167.92422862923624
Mayfield,Carolina Panthers,0.8063588409567166,New York Giants,208.375,168.0250234843558
Mayfield,Carolina Panthers,0.8063588409567166,New York Jets,203.375,163.99322927957223
Mayfield,Carolina Panthers,0.8063588409567166,Philadelphia Eagles,183.42857142857142,147.90925025548916
Mayfield,Carolina Panthers,0.8063588409567166,Pittsburgh Steelers,277.25,223.56298865524968
Mayfield,Carolina Panthers,0.8063588409567166,San Francisco 49ers,199.25,160.66699906062578
Mayfield,Carolina Panthers,0.8063588409567166,Seattle Seahawks,236.625,190.80466074138306
Mayfield,Carolina Panthers,0.8063588409567166,Tampa Bay Buccaneers,194.0,156.43361514560303
Mayfield,Carolina Panthers,0.8063588409567166,Tennessee Titans,254.71428571428572,205.3911162036894
Mayfield,Carolina Panthers,0.8063588409567166,Washington Commanders,214.0,172.56079196473735
Fields,Chicago Bears,0.6282390346123276,Arizona Cardinals,252.25,158.47329648095962
Fields,Chicago Bears,0.6282390346123276,Atlanta Falcons,306.875,192.79085374665803
Fields,Chicago Bears,0.6282390346123276,Baltimore Ravens,266.75,167.58276248283838
Fields,Chicago Bears,0.6282390346123276,Buffalo Bills,203.14285714285714,127.62227245981853
Fields,Chicago Bears,0.6282390346123276,Carolina Panthers,232.0,145.75145603005998
Fields,Chicago Bears,0.6282390346123276,Cincinnati Bengals,210.375,132.1657869065684
Fields,Chicago Bears,0.6282390346123276,Cleveland Browns,208.25,130.83077895801722
Fields,Chicago Bears,0.6282390346123276,Dallas Cowboys,178.375,112.06213779897392
Fields,Chicago Bears,0.6282390346123276,Denver Broncos,165.75,104.1306199869933
Fields,Chicago Bears,0.6282390346123276,Detroit Lions,266.42857142857144,167.38082850742728
Fields,Chicago Bears,0.6282390346123276,Green Bay Packers,174.75,109.78477129850424
Fields,Chicago Bears,0.6282390346123276,Houston Texans,217.57142857142858,136.68686424493927
Fields,Chicago Bears,0.6282390346123276,Indianapolis Colts,199.75,125.49074716381243
Fields,Chicago Bears,0.6282390346123276,Jacksonville Jaguars,237.125,148.97118108244817
Fields,Chicago Bears,0.6282390346123276,Kansas City Chiefs,277.0,174.02221258761475
Fields,Chicago Bears,0.6282390346123276,Las Vegas Raiders,258.14285714285717,162.17541936349656
Fields,Chicago Bears,0.6282390346123276,Los Angeles Chargers,220.0,138.21258761471205
Fields,Chicago Bears,0.6282390346123276,Los Angeles Rams,205.71428571428572,129.23774426310737
Fields,Chicago Bears,0.6282390346123276,Miami Dolphins,262.125,164.67715694775637
Fields,Chicago Bears,0.6282390346123276,Minnesota Vikings,275.57142857142856,173.12472825245425
Fields,Chicago Bears,0.6282390346123276,New England Patriots,224.5,141.03966327046754
Fields,Chicago Bears,0.6282390346123276,New Orleans Saints,208.25,130.83077895801722
Fields,Chicago Bears,0.6282390346123276,New York Giants,208.375,130.90930883734376
Fields,Chicago Bears,0.6282390346123276,New York Jets,203.375,127.76811366428211
Fields,Chicago Bears,0.6282390346123276,Philadelphia Eagles,183.42857142857142,115.23698863460407
Fields,Chicago Bears,0.6282390346123276,Pittsburgh Steelers,277.25,174.17927234626782
Fields,Chicago Bears,0.6282390346123276,San Francisco 49ers,199.25,125.17662764650626
Fields,Chicago Bears,0.6282390346123276,Seattle Seahawks,236.625,148.65706156514202
Fields,Chicago Bears,0.6282390346123276,Tampa Bay Buccaneers,194.0,121.87837271479154
Fields,Chicago Bears,0.6282390346123276,Tennessee Titans,254.71428571428572,160.02145695911145
Fields,Chicago Bears,0.6282390346123276,Washington Commanders,214.0,134.4431534070381
Burrow,Cincinnati Bengals,1.220015897102392,Arizona Cardinals,252.25,307.7490100440784
Burrow,Cincinnati Bengals,1.220015897102392,Atlanta Falcons,306.875,374.3923784232965
Burrow,Cincinnati Bengals,1.220015897102392,Baltimore Ravens,266.75,325.43924055206304
Burrow,Cincinnati Bengals,1.220015897102392,Buffalo Bills,203.14285714285714,247.8375150970859
Burrow,Cincinnati Bengals,1.220015897102392,Carolina Panthers,232.0,283.04368812775493
Burrow,Cincinnati Bengals,1.220015897102392,Chicago Bears,188.0,229.3629886552497
Burrow,Cincinnati Bengals,1.220015897102392,Cleveland Browns,208.25,254.06831057157314
Burrow,Cincinnati Bengals,1.220015897102392,Dallas Cowboys,178.375,217.62033564563916
Burrow,Cincinnati Bengals,1.220015897102392,Denver Broncos,165.75,202.21763494472148
Burrow,Cincinnati Bengals,1.220015897102392,Detroit Lions,266.42857142857144,325.0470925851373
Burrow,Cincinnati Bengals,1.220015897102392,Green Bay Packers,174.75,213.197778018643
Burrow,Cincinnati Bengals,1.220015897102392,Houston Texans,217.57142857142858,265.44060161242044
Burrow,Cincinnati Bengals,1.220015897102392,Indianapolis Colts,199.75,243.6981754462028
Burrow,Cincinnati Bengals,1.220015897102392,Jacksonville Jaguars,237.125,289.2962696004047
Burrow,Cincinnati Bengals,1.220015897102392,Kansas City Chiefs,277.0,337.9444034973626
Burrow,Cincinnati Bengals,1.220015897102392,Las Vegas Raiders,258.14285714285717,314.9383894377175
Burrow,Cincinnati Bengals,1.220015897102392,Los Angeles Chargers,220.0,268.40349736252625
Burrow,Cincinnati Bengals,1.220015897102392,Los Angeles Rams,205.71428571428572,250.97469883249207
Burrow,Cincinnati Bengals,1.220015897102392,Miami Dolphins,262.125,319.7966670279645
Burrow,Cincinnati Bengals,1.220015897102392,Minnesota Vikings,275.57142857142856,336.20152364435916
Burrow,Cincinnati Bengals,1.220015897102392,New England Patriots,224.5,273.893568899487
Burrow,Cincinnati Bengals,1.220015897102392,New Orleans Saints,208.25,254.06831057157314
Burrow,Cincinnati Bengals,1.220015897102392,New York Giants,208.375,254.22081255871095
Burrow,Cincinnati Bengals,1.220015897102392,New York Jets,203.375,248.12073307319898
Burrow,Cincinnati Bengals,1.220015897102392,Philadelphia Eagles,183.42857142857142,223.78577312563874
Burrow,Cincinnati Bengals,1.220015897102392,Pittsburgh Steelers,277.25,338.24940747163816
Burrow,Cincinnati Bengals,1.220015897102392,San Francisco 49ers,199.25,243.0881674976516
Burrow,Cincinnati Bengals,1.220015897102392,Seattle Seahawks,236.625,288.6862616518535
Burrow,Cincinnati Bengals,1.220015897102392,Tampa Bay Buccaneers,194.0,236.68308403786403
Burrow,Cincinnati Bengals,1.220015897102392,Tennessee Titans,254.71428571428572,310.7554777905093
Burrow,Cincinnati Bengals,1.220015897102392,Washington Commanders,214.0,261.0834019799119
Brissett,Cleveland Browns,0.9756774333405593,Arizona Cardinals,252.25,246.11463256015608
Brissett,Cleveland Browns,0.9756774333405593,Atlanta Falcons,306.875,299.41101235638416
Brissett,Cleveland Browns,0.9756774333405593,Baltimore Ravens,266.75,260.2619553435942
Brissett,Cleveland Browns,0.9756774333405593,Buffalo Bills,203.14285714285714,198.20190145861076
Brissett,Cleveland Browns,0.9756774333405593,Carolina Panthers,232.0,226.35716453500976
Brissett,Cleveland Browns,0.9756774333405593,Chicago Bears,188.0,183.42735746802515
Brissett,Cleveland Browns,0.9756774333405593,Cincinnati Bengals,210.375,205.25814003902016
Brissett,Cleveland Browns,0.9756774333405593,Dallas Cowboys,178.375,174.03646217212227
Brissett,Cleveland Browns,0.9756774333405593,Denver Broncos,165.75,161.7185345761977
Brissett,Cleveland Browns,0.9756774333405593,Detroit Lions,266.42857142857144,259.94834474002045
Brissett,Cleveland Browns,0.9756774333405593,Green Bay Packers,174.75,170.49963147626275
Brissett,Cleveland Browns,0.9756774333405593,Houston Texans,217.57142857142858,212.27953299681027
Brissett,Cleveland Browns,0.9756774333405593,Indianapolis Colts,199.75,194.89156730977672
Brissett,Cleveland Browns,0.9756774333405593,Jacksonville Jaguars,237.125,231.35751138088014
Brissett,Cleveland Browns,0.9756774333405593,Kansas City Chiefs,277.0,270.26264903533496
Brissett,Cleveland Browns,0.9756774333405593,Las Vegas Raiders,258.14285714285717,251.86416029234155
Brissett,Cleveland Browns,0.9756774333405593,Los Angeles Chargers,220.0,214.64903533492304
Brissett,Cleveland Browns,0.9756774333405593,Los Angeles Rams,205.71428571428572,200.7107862872008
Brissett,Cleveland Browns,0.9756774333405593,Miami Dolphins,262.125,255.7494472143941
Brissett,Cleveland Browns,0.9756774333405593,Minnesota Vikings,275.57142857142856,268.8688241305627
Brissett,Cleveland Browns,0.9756774333405593,New England Patriots,224.5,219.03958378495557
Brissett,Cleveland Browns,0.9756774333405593,New Orleans Saints,208.25,203.18482549317147
Brissett,Cleveland Browns,0.9756774333405593,New York Giants,208.375,203.30678517233906
Brissett,Cleveland Browns,0.9756774333405593,New York Jets,203.375,198.42839800563627
Brissett,Cleveland Browns,0.9756774333405593,Philadelphia Eagles,183.42857142857142,178.96711777275402
Brissett,Cleveland Browns,0.9756774333405593,Pittsburgh Steelers,277.25,270.5065683936701
Brissett,Cleveland Browns,0.9756774333405593,San Francisco 49ers,199.25,194.40372859310645
Brissett,Cleveland Browns,0.9756774333405593,Seattle Seahawks,236.625,230.86967266420984
Brissett,Cleveland Browns,0.9756774333405593,Tampa Bay Buccaneers,194.0,189.2814220680685
Brissett,Cleveland Browns,0.9756774333405593,Tennessee Titans,254.71428571428572,248.5189805208882
Brissett,Cleveland Browns,0.9756774333405593,Washington Commanders,214.0,208.7949707348797
Wilson,Denver Broncos,1.014235132596286,Arizona Cardinals,252.25,255.84081219741313
Wilson,Denver Broncos,1.014235132596286,Atlanta Falcons,306.875,311.24340631548523
Wilson,Denver Broncos,1.014235132596286,Baltimore Ravens,266.75,270.5472216200593
Wilson,Denver Broncos,1.014235132596286,Buffalo Bills,203.14285714285714,206.0346226502741
Wilson,Denver Broncos,1.014235132596286,Carolina Panthers,232.0,235.30255076233834
Wilson,Denver Broncos,1.014235132596286,Chicago Bears,188.0,190.67620492810175
Wilson,Denver Broncos,1.014235132596286,Cincinnati Bengals,210.375,213.36971601994367
Wilson,Denver Broncos,1.014235132596286,Cleveland Browns,208.25,211.21446636317654
Wilson,Denver Broncos,1.014235132596286,Dallas Cowboys,178.375,180.9141917768625
Wilson,Denver Broncos,1.014235132596286,Detroit Lions,266.42857142857144,270.2212174702962
Wilson,Denver Broncos,1.014235132596286,Green Bay Packers,174.75,177.23758942120097
Wilson,Denver Broncos,1.014235132596286,Houston Texans,217.57142857142858,220.66858670630623
Wilson,Denver Broncos,1.014235132596286,Indianapolis Colts,199.75,202.59346773610812
Wilson,Denver Broncos,1.014235132596286,Jacksonville Jaguars,237.125,240.5005058168943
Wilson,Denver Broncos,1.014235132596286,Kansas City Chiefs,277.0,280.9431317291712
Wilson,Denver Broncos,1.014235132596286,Las Vegas Raiders,258.14285714285717,261.81755494306987
Wilson,Denver Broncos,1.014235132596286,Los Angeles Chargers,220.0,223.1317291711829
Wilson,Denver Broncos,1.014235132596286,Los Angeles Rams,205.71428571428572,208.64265584837884
Wilson,Denver Broncos,1.014235132596286,Miami Dolphins,262.125,265.85638413180146
Wilson,Denver Broncos,1.014235132596286,Minnesota Vikings,275.57142857142856,279.4942243968908
Wilson,Denver Broncos,1.014235132596286,New England Patriots,224.5,227.6957872678662
Wilson,Denver Broncos,1.014235132596286,New Orleans Saints,208.25,211.21446636317654
Wilson,Denver Broncos,1.014235132596286,New York Giants,208.375,211.34124575475107
Wilson,Denver Broncos,1.014235132596286,New York Jets,203.375,206.27007009176967
Wilson,Denver Broncos,1.014235132596286,Philadelphia Eagles,183.42857142857142,186.03970146480444
Wilson,Denver Broncos,1.014235132596286,Pittsburgh Steelers,277.25,281.1966905123203
Wilson,Denver Broncos,1.014235132596286,San Francisco 49ers,199.25,202.08635016980998
Wilson,Denver Broncos,1.014235132596286,Seattle Seahawks,236.625,239.99338825059615
Wilson,Denver Broncos,1.014235132596286,Tampa Bay Buccaneers,194.0,196.76161572367948
Wilson,Denver Broncos,1.014235132596286,Tennessee Titans,254.71428571428572,258.3401773455968
Wilson,Denver Broncos,1.014235132596286,Washington Commanders,214.0,217.04631837560518
Goff,Detriot Lions,1.13996676060409,Arizona Cardinals,252.25,287.5566153623817
Goff,Detriot Lions,1.13996676060409,Atlanta Falcons,306.875,349.8272996603801
Goff,Detriot Lions,1.13996676060409,Baltimore Ravens,266.75,304.086133391141
Goff,Detriot Lions,1.13996676060409,Buffalo Bills,203.14285714285714,231.57610479700227
Goff,Detriot Lions,1.13996676060409,Carolina Panthers,232.0,264.4722884601489
Goff,Detriot Lions,1.13996676060409,Chicago Bears,188.0,214.3137509935689
Goff,Detriot Lions,1.13996676060409,Cincinnati Bengals,210.375,239.8205072620854
Goff,Detriot Lions,1.13996676060409,Cleveland Browns,208.25,237.39807789580175
Goff,Detriot Lions,1.13996676060409,Dallas Cowboys,178.375,203.34157092275456
Goff,Detriot Lions,1.13996676060409,Denver Broncos,165.75,188.94949057012792
Goff,Detriot Lions,1.13996676060409,Detroit Lions,266.42857142857144,303.71971550380397
Goff,Detriot Lions,1.13996676060409,Green Bay Packers,174.75,199.20919141556473
Goff,Detriot Lions,1.13996676060409,Houston Texans,217.57142857142858,248.0241966285756
Goff,Detriot Lions,1.13996676060409,Indianapolis Colts,199.75,227.70836043066697
Goff,Detriot Lions,1.13996676060409,Jacksonville Jaguars,237.125,270.3146181082448
Goff,Detriot Lions,1.13996676060409,Kansas City Chiefs,277.0,315.7707926873329
Goff,Detriot Lions,1.13996676060409,Las Vegas Raiders,258.14285714285717,294.27427663022723
Goff,Detriot Lions,1.13996676060409,Los Angeles Chargers,220.0,250.7926873328998
Goff,Detriot Lions,1.13996676060409,Los Angeles Rams,205.71428571428572,234.5074478956985
Goff,Detriot Lions,1.13996676060409,Miami Dolphins,262.125,298.8137871233471
Goff,Detriot Lions,1.13996676060409,Minnesota Vikings,275.57142857142856,314.14226874361276
Goff,Detriot Lions,1.13996676060409,New England Patriots,224.5,255.9225377556182
Goff,Detriot Lions,1.13996676060409,New Orleans Saints,208.25,237.39807789580175
Goff,Detriot Lions,1.13996676060409,New York Giants,208.375,237.54057374087725
Goff,Detriot Lions,1.13996676060409,New York Jets,203.375,231.8407399378568
Goff,Detriot Lions,1.13996676060409,Philadelphia Eagles,183.42857142857142,209.10247437366448
Goff,Detriot Lions,1.13996676060409,Pittsburgh Steelers,277.25,316.0557843774839
Goff,Detriot Lions,1.13996676060409,San Francisco 49ers,199.25,227.13837705036494
Goff,Detriot Lions,1.13996676060409,Seattle Seahawks,236.625,269.7446347279428
Goff,Detriot Lions,1.13996676060409,Tampa Bay Buccaneers,194.0,221.15355155719345
Goff,Detriot Lions,1.13996676060409,Tennessee Titans,254.71428571428572,290.36581916529894
Goff,Detriot Lions,1.13996676060409,Washington Commanders,214.0,243.95288676927527
Rodgers,Green Bay Packers,0.9429872100585303,Arizona Cardinals,252.25,237.86852373726427
Rodgers,Green Bay Packers,0.9429872100585303,Atlanta Falcons,306.875,289.3792000867115
Rodgers,Green Bay Packers,0.9429872100585303,Baltimore Ravens,266.75,251.54183828311295
Rodgers,Green Bay Packers,0.9429872100585303,Buffalo Bills,203.14285714285714,191.56111610046142
Rodgers,Green Bay Packers,0.9429872100585303,Carolina Panthers,232.0,218.77303273357902
Rodgers,Green Bay Packers,0.9429872100585303,Chicago Bears,188.0,177.28159549100369
Rodgers,Green Bay Packers,0.9429872100585303,Cincinnati Bengals,210.375,198.3809343160633
Rodgers,Green Bay Packers,0.9429872100585303,Cleveland Browns,208.25,196.37708649468894
Rodgers,Green Bay Packers,0.9429872100585303,Dallas Cowboys,178.375,168.20534359419034
Rodgers,Green Bay Packers,0.9429872100585303,Denver Broncos,165.75,156.3001300672014
Rodgers,Green Bay Packers,0.9429872100585303,Detroit Lions,266.42857142857144,251.23873525130844
Rodgers,Green Bay Packers,0.9429872100585303,Houston Texans,217.57142857142858,205.16707441702025
Rodgers,Green Bay Packers,0.9429872100585303,Indianapolis Colts,199.75,188.36169520919142
Rodgers,Green Bay Packers,0.9429872100585303,Jacksonville Jaguars,237.125,223.60584218512898
Rodgers,Green Bay Packers,0.9429872100585303,Kansas City Chiefs,277.0,261.2074571862129
Rodgers,Green Bay Packers,0.9429872100585303,Las Vegas Raiders,258.14285714285717,243.4254126536806
Rodgers,Green Bay Packers,0.9429872100585303,Los Angeles Chargers,220.0,207.45718621287665
Rodgers,Green Bay Packers,0.9429872100585303,Los Angeles Rams,205.71428571428572,193.98594035489765
Rodgers,Green Bay Packers,0.9429872100585303,Miami Dolphins,262.125,247.18052243659224
Rodgers,Green Bay Packers,0.9429872100585303,Minnesota Vikings,275.57142857142856,259.86033260041495
Rodgers,Green Bay Packers,0.9429872100585303,New England Patriots,224.5,211.70062865814003
Rodgers,Green Bay Packers,0.9429872100585303,New Orleans Saints,208.25,196.37708649468894
Rodgers,Green Bay Packers,0.9429872100585303,New York Giants,208.375,196.49495989594624
Rodgers,Green Bay Packers,0.9429872100585303,New York Jets,203.375,191.7800238456536
Rodgers,Green Bay Packers,0.9429872100585303,Philadelphia Eagles,183.42857142857142,172.9707968164504
Rodgers,Green Bay Packers,0.9429872100585303,Pittsburgh Steelers,277.25,261.44320398872753
Rodgers,Green Bay Packers,0.9429872100585303,San Francisco 49ers,199.25,187.89020160416214
Rodgers,Green Bay Packers,0.9429872100585303,Seattle Seahawks,236.625,223.13434858009973
Rodgers,Green Bay Packers,0.9429872100585303,Tampa Bay Buccaneers,194.0,182.93951875135488
Rodgers,Green Bay Packers,0.9429872100585303,Tennessee Titans,254.71428571428572,240.19231364776564
Rodgers,Green Bay Packers,0.9429872100585303,Washington Commanders,214.0,201.79926295252548
Mills,Houston Texans,0.8994002456824916,Arizona Cardinals,252.25,226.8737119734085
Mills,Houston Texans,0.8994002456824916,Atlanta Falcons,306.875,276.0034503938146
Mills,Houston Texans,0.8994002456824916,Baltimore Ravens,266.75,239.91501553580463
Mills,Houston Texans,0.8994002456824916,Buffalo Bills,203.14285714285714,182.706735622929
Mills,Houston Texans,0.8994002456824916,Carolina Panthers,232.0,208.66085699833803
Mills,Houston Texans,0.8994002456824916,Chicago Bears,188.0,169.0872461883084
Mills,Houston Texans,0.8994002456824916,Cincinnati Bengals,210.375,189.21132668545417
Mills,Houston Texans,0.8994002456824916,Cleveland Browns,208.25,187.30010116337886
Mills,Houston Texans,0.8994002456824916,Dallas Cowboys,178.375,160.43051882361442
Mills,Houston Texans,0.8994002456824916,Denver Broncos,165.75,149.07559072187297
Mills,Houston Texans,0.8994002456824916,Detroit Lions,266.42857142857144,239.62592259969242
Mills,Houston Texans,0.8994002456824916,Green Bay Packers,174.75,157.1701929330154
Mills,Houston Texans,0.8994002456824916,Indianapolis Colts,199.75,179.6551990750777
Mills,Houston Texans,0.8994002456824916,Jacksonville Jaguars,237.125,213.27028325746082
Mills,Houston Texans,0.8994002456824916,Kansas City Chiefs,277.0,249.13386805405017
Mills,Houston Texans,0.8994002456824916,Las Vegas Raiders,258.14285714285717,232.17374913546607
Mills,Houston Texans,0.8994002456824916,Los Angeles Chargers,220.0,197.86805405014815
Mills,Houston Texans,0.8994002456824916,Los Angeles Rams,205.71428571428572,185.01947911182685
Mills,Houston Texans,0.8994002456824916,Miami Dolphins,262.125,235.7552893995231
Mills,Houston Texans,0.8994002456824916,Minnesota Vikings,275.57142857142856,247.849010560218
Mills,Houston Texans,0.8994002456824916,New England Patriots,224.5,201.91535515571934
Mills,Houston Texans,0.8994002456824916,New Orleans Saints,208.25,187.30010116337886
Mills,Houston Texans,0.8994002456824916,New York Giants,208.375,187.41252619408917
Mills,Houston Texans,0.8994002456824916,New York Jets,203.375,182.91552496567672
Mills,Houston Texans,0.8994002456824916,Philadelphia Eagles,183.42857142857142,164.9757022080456
Mills,Houston Texans,0.8994002456824916,Pittsburgh Steelers,277.25,249.3587181154708
Mills,Houston Texans,0.8994002456824916,San Francisco 49ers,199.25,179.20549895223644
Mills,Houston Texans,0.8994002456824916,Seattle Seahawks,236.625,212.82058313461957
Mills,Houston Texans,0.8994002456824916,Tampa Bay Buccaneers,194.0,174.48364766240337
Mills,Houston Texans,0.8994002456824916,Tennessee Titans,254.71428571428572,229.09009115026893
Mills,Houston Texans,0.8994002456824916,Washington Commanders,214.0,192.4716525760532
Ryan,Indianapolis Colts,1.202413469181299,Arizona Cardinals,252.25,303.3087976009827
Ryan,Indianapolis Colts,1.202413469181299,Atlanta Falcons,306.875,368.99063335501114
Ryan,Indianapolis Colts,1.202413469181299,Baltimore Ravens,266.75,320.74379290411156
Ryan,Indianapolis Colts,1.202413469181299,Buffalo Bills,203.14285714285714,244.26170759654389
Ryan,Indianapolis Colts,1.202413469181299,Carolina Panthers,232.0,278.9599248500614
Ryan,Indianapolis Colts,1.202413469181299,Chicago Bears,188.0,226.05373220608422
Ryan,Indianapolis Colts,1.202413469181299,Cincinnati Bengals,210.375,252.9577335790158
Ryan,Indianapolis Colts,1.202413469181299,Cleveland Browns,208.25,250.40260495700554
Ryan,Indianapolis Colts,1.202413469181299,Dallas Cowboys,178.375,214.48050256521424
Ryan,Indianapolis Colts,1.202413469181299,Denver Broncos,165.75,199.30003251680031
Ryan,Indianapolis Colts,1.202413469181299,Detroit Lions,266.42857142857144,320.3573028604461
Ryan,Indianapolis Colts,1.202413469181299,Green Bay Packers,174.75,210.12175373943202
Ryan,Indianapolis Colts,1.202413469181299,Houston Texans,217.57142857142858,261.61081622330266
Ryan,Indianapolis Colts,1.202413469181299,Jacksonville Jaguars,237.125,285.12229387961554
Ryan,Indianapolis Colts,1.202413469181299,Kansas City Chiefs,277.0,333.06853096321987
Ryan,Indianapolis Colts,1.202413469181299,Las Vegas Raiders,258.14285714285717,310.3944484015154
Ryan,Indianapolis Colts,1.202413469181299,Los Angeles Chargers,220.0,264.5309632198858
Ryan,Indianapolis Colts,1.202413469181299,Los Angeles Rams,205.71428571428572,247.35362794586726
Ryan,Indianapolis Colts,1.202413469181299,Miami Dolphins,262.125,315.182630609148
Ryan,Indianapolis Colts,1.202413469181299,Minnesota Vikings,275.57142857142856,331.350797435818
Ryan,Indianapolis Colts,1.202413469181299,New England Patriots,224.5,269.94182383120165
Ryan,Indianapolis Colts,1.202413469181299,New Orleans Saints,208.25,250.40260495700554
Ryan,Indianapolis Colts,1.202413469181299,New York Giants,208.375,250.5529066406532
Ryan,Indianapolis Colts,1.202413469181299,New York Jets,203.375,244.54083929474672
Ryan,Indianapolis Colts,1.202413469181299,Philadelphia Eagles,183.42857142857142,220.55698491839829
Ryan,Indianapolis Colts,1.202413469181299,Pittsburgh Steelers,277.25,333.3691343305152
Ryan,Indianapolis Colts,1.202413469181299,San Francisco 49ers,199.25,239.58088373437386
Ryan,Indianapolis Colts,1.202413469181299,Seattle Seahawks,236.625,284.5210871450249
Ryan,Indianapolis Colts,1.202413469181299,Tampa Bay Buccaneers,194.0,233.26821302117202
Ryan,Indianapolis Colts,1.202413469181299,Tennessee Titans,254.71428571428572,306.2718879357509
Ryan,Indianapolis Colts,1.202413469181299,Washington Commanders,214.0,257.316482404798
Lawrence,Jacksonville Jaguars,0.9639424813931643,Arizona Cardinals,252.25,243.1544909314257
Lawrence,Jacksonville Jaguars,0.9639424813931643,Atlanta Falcons,306.875,295.8098489775273
Lawrence,Jacksonville Jaguars,0.9639424813931643,Baltimore Ravens,266.75,257.1316569116266
Lawrence,Jacksonville Jaguars,0.9639424813931643,Buffalo Bills,203.14285714285714,195.8180297915828
Lawrence,Jacksonville Jaguars,0.9639424813931643,Carolina Panthers,232.0,223.6346556832141
Lawrence,Jacksonville Jaguars,0.9639424813931643,Chicago Bears,188.0,181.2211865019149
Lawrence,Jacksonville Jaguars,0.9639424813931643,Cincinnati Bengals,210.375,202.78939952308693
Lawrence,Jacksonville Jaguars,0.9639424813931643,Cleveland Browns,208.25,200.74102175012646
Lawrence,Jacksonville Jaguars,0.9639424813931643,Dallas Cowboys,178.375,171.94324011850568
Lawrence,Jacksonville Jaguars,0.9639424813931643,Denver Broncos,165.75,159.77346629091699
Lawrence,Jacksonville Jaguars,0.9639424813931643,Detroit Lions,266.42857142857144,256.8218182568931
Lawrence,Jacksonville Jaguars,0.9639424813931643,Green Bay Packers,174.75,168.44894862345546
Lawrence,Jacksonville Jaguars,0.9639424813931643,Houston Texans,217.57142857142858,209.72634273739848
Lawrence,Jacksonville Jaguars,0.9639424813931643,Indianapolis Colts,199.75,192.54751065828458
Lawrence,Jacksonville Jaguars,0.9639424813931643,Kansas City Chiefs,277.0,267.01206734590653
Lawrence,Jacksonville Jaguars,0.9639424813931643,Las Vegas Raiders,258.14285714285717,248.83486626820687
Lawrence,Jacksonville Jaguars,0.9639424813931643,Los Angeles Chargers,220.0,212.06734590649614
Lawrence,Jacksonville Jaguars,0.9639424813931643,Los Angeles Rams,205.71428571428572,198.29673902945095
Lawrence,Jacksonville Jaguars,0.9639424813931643,Miami Dolphins,262.125,252.6734229351832
Lawrence,Jacksonville Jaguars,0.9639424813931643,Minnesota Vikings,275.57142857142856,265.635006658202
Lawrence,Jacksonville Jaguars,0.9639424813931643,New England Patriots,224.5,216.40508707276538
Lawrence,Jacksonville Jaguars,0.9639424813931643,New Orleans Saints,208.25,200.74102175012646
Lawrence,Jacksonville Jaguars,0.9639424813931643,New York Giants,208.375,200.8615145603006
Lawrence,Jacksonville Jaguars,0.9639424813931643,New York Jets,203.375,196.0418021533348
Lawrence,Jacksonville Jaguars,0.9639424813931643,Philadelphia Eagles,183.42857142857142,176.8145923012604
Lawrence,Jacksonville Jaguars,0.9639424813931643,Pittsburgh Steelers,277.25,267.2530529662548
Lawrence,Jacksonville Jaguars,0.9639424813931643,San Francisco 49ers,199.25,192.06553941758798
Lawrence,Jacksonville Jaguars,0.9639424813931643,Seattle Seahawks,236.625,228.09288965965752
Lawrence,Jacksonville Jaguars,0.9639424813931643,Tampa Bay Buccaneers,194.0,187.00484139027387
Lawrence,Jacksonville Jaguars,0.9639424813931643,Tennessee Titans,254.71428571428572,245.529920617716
Lawrence,Jacksonville Jaguars,0.9639424813931643,Washington Commanders,214.0,206.28369101813715
Mahomes,Kansas City Chiefs,1.2925211359202253,Arizona Cardinals,252.25,326.03845653587683
Mahomes,Kansas City Chiefs,1.2925211359202253,Atlanta Falcons,306.875,396.64242358551917
Mahomes,Kansas City Chiefs,1.2925211359202253,Baltimore Ravens,266.75,344.7800130067201
Mahomes,Kansas City Chiefs,1.2925211359202253,Buffalo Bills,203.14285714285714,262.5664364683658
Mahomes,Kansas City Chiefs,1.2925211359202253,Carolina Panthers,232.0,299.8649035334923
Mahomes,Kansas City Chiefs,1.2925211359202253,Chicago Bears,188.0,242.99397355300235
Mahomes,Kansas City Chiefs,1.2925211359202253,Cincinnati Bengals,210.375,271.9141339692174
Mahomes,Kansas City Chiefs,1.2925211359202253,Cleveland Browns,208.25,269.1675265553869
Mahomes,Kansas City Chiefs,1.2925211359202253,Dallas Cowboys,178.375,230.5534576197702
Mahomes,Kansas City Chiefs,1.2925211359202253,Denver Broncos,165.75,214.23537827877735
Mahomes,Kansas City Chiefs,1.2925211359202253,Detroit Lions,266.42857142857144,344.36455978446
Mahomes,Kansas City Chiefs,1.2925211359202253,Green Bay Packers,174.75,225.86806850205937
Mahomes,Kansas City Chiefs,1.2925211359202253,Houston Texans,217.57142857142858,281.21567000092904
Mahomes,Kansas City Chiefs,1.2925211359202253,Indianapolis Colts,199.75,258.18109690006503
Mahomes,Kansas City Chiefs,1.2925211359202253,Jacksonville Jaguars,237.125,306.4890743550834
Mahomes,Kansas City Chiefs,1.2925211359202253,Las Vegas Raiders,258.14285714285717,333.6550989439782
Mahomes,Kansas City Chiefs,1.2925211359202253,Los Angeles Chargers,220.0,284.3546499024496
Mahomes,Kansas City Chiefs,1.2925211359202253,Los Angeles Rams,205.71428571428572,265.89006224644635
Mahomes,Kansas City Chiefs,1.2925211359202253,Miami Dolphins,262.125,338.80210275308906
Mahomes,Kansas City Chiefs,1.2925211359202253,Minnesota Vikings,275.57142857142856,356.1818958843021
Mahomes,Kansas City Chiefs,1.2925211359202253,New England Patriots,224.5,290.1709950140906
Mahomes,Kansas City Chiefs,1.2925211359202253,New Orleans Saints,208.25,269.1675265553869
Mahomes,Kansas City Chiefs,1.2925211359202253,New York Giants,208.375,269.32909169737695
Mahomes,Kansas City Chiefs,1.2925211359202253,New York Jets,203.375,262.8664860177758
Mahomes,Kansas City Chiefs,1.2925211359202253,Philadelphia Eagles,183.42857142857142,237.08530550308132
Mahomes,Kansas City Chiefs,1.2925211359202253,Pittsburgh Steelers,277.25,358.3514849338825
Mahomes,Kansas City Chiefs,1.2925211359202253,San Francisco 49ers,199.25,257.5348363321049
Mahomes,Kansas City Chiefs,1.2925211359202253,Seattle Seahawks,236.625,305.8428137871233
Mahomes,Kansas City Chiefs,1.2925211359202253,Tampa Bay Buccaneers,194.0,250.74910036852373
Mahomes,Kansas City Chiefs,1.2925211359202253,Tennessee Titans,254.71428571428572,329.2235979065374
Mahomes,Kansas City Chiefs,1.2925211359202253,Washington Commanders,214.0,276.59952308692823
Herbert,Las Vegas Raiders,1.202832574607992,Arizona Cardinals,252.25,303.41451694486597
Herbert,Las Vegas Raiders,1.202832574607992,Atlanta Falcons,306.875,369.1192463328275
Herbert,Las Vegas Raiders,1.202832574607992,Baltimore Ravens,266.75,320.8555892766819
Herbert,Las Vegas Raiders,1.202832574607992,Buffalo Bills,203.14285714285714,244.34684587036637
Herbert,Las Vegas Raiders,1.202832574607992,Carolina Panthers,232.0,279.05715730905416
Herbert,Las Vegas Raiders,1.202832574607992,Chicago Bears,188.0,226.1325240263025
Herbert,Las Vegas Raiders,1.202832574607992,Cincinnati Bengals,210.375,253.04590288315632
Herbert,Las Vegas Raiders,1.202832574607992,Cleveland Browns,208.25,250.48988366211432
Herbert,Las Vegas Raiders,1.202832574607992,Dallas Cowboys,178.375,214.55526049570057
Herbert,Las Vegas Raiders,1.202832574607992,Denver Broncos,165.75,199.36949924127467
Herbert,Las Vegas Raiders,1.202832574607992,Detroit Lions,266.42857142857144,320.4689645205579
Herbert,Las Vegas Raiders,1.202832574607992,Green Bay Packers,174.75,210.1949924127466
Herbert,Las Vegas Raiders,1.202832574607992,Houston Texans,217.57142857142858,261.7020015897103
Herbert,Las Vegas Raiders,1.202832574607992,Indianapolis Colts,199.75,240.2658067779464
Herbert,Las Vegas Raiders,1.202832574607992,Jacksonville Jaguars,237.125,285.22167425392007
Herbert,Las Vegas Raiders,1.202832574607992,Kansas City Chiefs,277.0,333.18462316641376
Herbert,Las Vegas Raiders,1.202832574607992,Los Angeles Chargers,220.0,264.6231664137582
Herbert,Las Vegas Raiders,1.202832574607992,Los Angeles Rams,205.71428571428572,247.43984391935837
Herbert,Las Vegas Raiders,1.202832574607992,Miami Dolphins,262.125,315.2924886191199
Herbert,Las Vegas Raiders,1.202832574607992,Minnesota Vikings,275.57142857142856,331.4662909169738
Herbert,Las Vegas Raiders,1.202832574607992,New England Patriots,224.5,270.0359129994942
Herbert,Las Vegas Raiders,1.202832574607992,New Orleans Saints,208.25,250.48988366211432
Herbert,Las Vegas Raiders,1.202832574607992,New York Giants,208.375,250.64023773394032
Herbert,Las Vegas Raiders,1.202832574607992,New York Jets,203.375,244.62607486090036
Herbert,Las Vegas Raiders,1.202832574607992,Philadelphia Eagles,183.42857142857142,220.63386082809453
Herbert,Las Vegas Raiders,1.202832574607992,Pittsburgh Steelers,277.25,333.48533131006576
Herbert,Las Vegas Raiders,1.202832574607992,San Francisco 49ers,199.25,239.6643904906424
Herbert,Las Vegas Raiders,1.202832574607992,Seattle Seahawks,236.625,284.6202579666161
Herbert,Las Vegas Raiders,1.202832574607992,Tampa Bay Buccaneers,194.0,233.34951947395044
Herbert,Las Vegas Raiders,1.202832574607992,Tennessee Titans,254.71428571428572,306.37864007515
Herbert,Las Vegas Raiders,1.202832574607992,Washington Commanders,214.0,257.40617096611027
Stafford,Los Angeles Chargers,1.0557265698388612,Arizona Cardinals,252.25,266.3070272418527
Stafford,Los Angeles Chargers,1.0557265698388612,Atlanta Falcons,306.875,323.9760911193005
Stafford,Los Angeles Chargers,1.0557265698388612,Baltimore Ravens,266.75,281.61506250451623
Stafford,Los Angeles Chargers,1.0557265698388612,Buffalo Bills,203.14285714285714,214.46331175869437
Stafford,Los Angeles Chargers,1.0557265698388612,Carolina Panthers,232.0,244.92856420261577
Stafford,Los Angeles Chargers,1.0557265698388612,Chicago Bears,188.0,198.47659512970588
Stafford,Los Angeles Chargers,1.0557265698388612,Cincinnati Bengals,210.375,222.0984771298504
Stafford,Los Angeles Chargers,1.0557265698388612,Cleveland Browns,208.25,219.85505816894283
Stafford,Los Angeles Chargers,1.0557265698388612,Dallas Cowboys,178.375,188.31522689500684
Stafford,Los Angeles Chargers,1.0557265698388612,Denver Broncos,165.75,174.98667895079123
Stafford,Los Angeles Chargers,1.0557265698388612,Detroit Lions,266.42857142857144,281.2757218213537
Stafford,Los Angeles Chargers,1.0557265698388612,Green Bay Packers,174.75,184.48821807934098
Stafford,Los Angeles Chargers,1.0557265698388612,Houston Texans,217.57142857142858,229.6959379806551
Stafford,Los Angeles Chargers,1.0557265698388612,Indianapolis Colts,199.75,210.8813823253125
Stafford,Los Angeles Chargers,1.0557265698388612,Jacksonville Jaguars,237.125,250.33916287303995
Stafford,Los Angeles Chargers,1.0557265698388612,Kansas City Chiefs,277.0,292.43625984536453
Stafford,Los Angeles Chargers,1.0557265698388612,Las Vegas Raiders,258.14285714285717,272.5282730998318
Stafford,Los Angeles Chargers,1.0557265698388612,Los Angeles Rams,205.71428571428572,217.1780372239943
Stafford,Los Angeles Chargers,1.0557265698388612,Miami Dolphins,262.125,276.7323271190115
Stafford,Los Angeles Chargers,1.0557265698388612,Minnesota Vikings,275.57142857142856,290.928079031309
Stafford,Los Angeles Chargers,1.0557265698388612,New England Patriots,224.5,237.01061492882434
Stafford,Los Angeles Chargers,1.0557265698388612,New Orleans Saints,208.25,219.85505816894283
Stafford,Los Angeles Chargers,1.0557265698388612,New York Giants,208.375,219.9870239901727
Stafford,Los Angeles Chargers,1.0557265698388612,New York Jets,203.375,214.7083911409784
Stafford,Los Angeles Chargers,1.0557265698388612,Philadelphia Eagles,183.42857142857142,193.65041652472823
Stafford,Los Angeles Chargers,1.0557265698388612,Pittsburgh Steelers,277.25,292.70019148782427
Stafford,Los Angeles Chargers,1.0557265698388612,San Francisco 49ers,199.25,210.35351904039308
Stafford,Los Angeles Chargers,1.0557265698388612,Seattle Seahawks,236.625,249.81129958812053
Stafford,Los Angeles Chargers,1.0557265698388612,Tampa Bay Buccaneers,194.0,204.81095454873906
Stafford,Los Angeles Chargers,1.0557265698388612,Tennessee Titans,254.71428571428572,268.9086391460985
Stafford,Los Angeles Chargers,1.0557265698388612,Washington Commanders,214.0,225.9254859455163
Carr,Los Angeles Rams,0.9706481682202471,Arizona Cardinals,252.25,244.84600043355735
Carr,Los Angeles Rams,0.9706481682202471,Atlanta Falcons,306.875,297.86765662258836
Carr,Los Angeles Rams,0.9706481682202471,Baltimore Ravens,266.75,258.9203988727509
Carr,Los Angeles Rams,0.9706481682202471,Buffalo Bills,203.14285714285714,197.18024217274163
Carr,Los Angeles Rams,0.9706481682202471,Carolina Panthers,232.0,225.19037502709733
Carr,Los Angeles Rams,0.9706481682202471,Chicago Bears,188.0,182.48185562540647
Carr,Los Angeles Rams,0.9706481682202471,Cincinnati Bengals,210.375,204.2001083893345
Carr,Los Angeles Rams,0.9706481682202471,Cleveland Browns,208.25,202.13748103186646
Carr,Los Angeles Rams,0.9706481682202471,Dallas Cowboys,178.375,173.1393670062866
Carr,Los Angeles Rams,0.9706481682202471,Denver Broncos,165.75,160.88493388250598
Carr,Los Angeles Rams,0.9706481682202471,Detroit Lions,266.42857142857144,258.6084048186801
Carr,Los Angeles Rams,0.9706481682202471,Green Bay Packers,174.75,169.6207673964882
Carr,Los Angeles Rams,0.9706481682202471,Houston Texans,217.57142857142858,211.1853085999195
Carr,Los Angeles Rams,0.9706481682202471,Indianapolis Colts,199.75,193.88697160199436
Carr,Los Angeles Rams,0.9706481682202471,Jacksonville Jaguars,237.125,230.1649468892261
Carr,Los Angeles Rams,0.9706481682202471,Kansas City Chiefs,277.0,268.86954259700843
Carr,Los Angeles Rams,0.9706481682202471,Las Vegas Raiders,258.14285714285717,250.56589142485524
Carr,Los Angeles Rams,0.9706481682202471,Los Angeles Chargers,220.0,213.54259700845438
Carr,Los Angeles Rams,0.9706481682202471,Miami Dolphins,262.125,254.4311510947323
Carr,Los Angeles Rams,0.9706481682202471,Minnesota Vikings,275.57142857142856,267.4829023566938
Carr,Los Angeles Rams,0.9706481682202471,New England Patriots,224.5,217.91051376544547
Carr,Los Angeles Rams,0.9706481682202471,New Orleans Saints,208.25,202.13748103186646
Carr,Los Angeles Rams,0.9706481682202471,New York Giants,208.375,202.258812052894
Carr,Los Angeles Rams,0.9706481682202471,New York Jets,203.375,197.40557121179276
Carr,Los Angeles Rams,0.9706481682202471,Philadelphia Eagles,183.42857142857142,178.0446068563996
Carr,Los Angeles Rams,0.9706481682202471,Pittsburgh Steelers,277.25,269.1122046390635
Carr,Los Angeles Rams,0.9706481682202471,San Francisco 49ers,199.25,193.40164751788424
Carr,Los Angeles Rams,0.9706481682202471,Seattle Seahawks,236.625,229.67962280511597
Carr,Los Angeles Rams,0.9706481682202471,Tampa Bay Buccaneers,194.0,188.30574463472794
Carr,Los Angeles Rams,0.9706481682202471,Tennessee Titans,254.71428571428572,247.2379548481001
Carr,Los Angeles Rams,0.9706481682202471,Washington Commanders,214.0,207.71870799913287
Tagovailoa,Miami Dolphins,1.1722378784594263,Arizona Cardinals,252.25,295.69700484139025
Tagovailoa,Miami Dolphins,1.1722378784594263,Atlanta Falcons,306.875,359.7304989522364
Tagovailoa,Miami Dolphins,1.1722378784594263,Baltimore Ravens,266.75,312.694454079052
Tagovailoa,Miami Dolphins,1.1722378784594263,Buffalo Bills,203.14285714285714,238.13175188132917
Tagovailoa,Miami Dolphins,1.1722378784594263,Carolina Panthers,232.0,271.9591878025869
Tagovailoa,Miami Dolphins,1.1722378784594263,Chicago Bears,188.0,220.38072115037215
Tagovailoa,Miami Dolphins,1.1722378784594263,Cincinnati Bengals,210.375,246.6095436809018
Tagovailoa,Miami Dolphins,1.1722378784594263,Cleveland Browns,208.25,244.11853818917552
Tagovailoa,Miami Dolphins,1.1722378784594263,Dallas Cowboys,178.375,209.09793157020016
Tagovailoa,Miami Dolphins,1.1722378784594263,Denver Broncos,165.75,194.2984283546499
Tagovailoa,Miami Dolphins,1.1722378784594263,Detroit Lions,266.42857142857144,312.3176633324043
Tagovailoa,Miami Dolphins,1.1722378784594263,Green Bay Packers,174.75,204.84856926078476
Tagovailoa,Miami Dolphins,1.1722378784594263,Houston Texans,217.57142857142858,255.04546984195804
Tagovailoa,Miami Dolphins,1.1722378784594263,Indianapolis Colts,199.75,234.1545162222704
Tagovailoa,Miami Dolphins,1.1722378784594263,Jacksonville Jaguars,237.125,277.96690692969145
Tagovailoa,Miami Dolphins,1.1722378784594263,Kansas City Chiefs,277.0,324.7098923332611
Tagovailoa,Miami Dolphins,1.1722378784594263,Las Vegas Raiders,258.14285714285717,302.60483519659766
Tagovailoa,Miami Dolphins,1.1722378784594263,Los Angeles Chargers,220.0,257.89233326107376
Tagovailoa,Miami Dolphins,1.1722378784594263,Los Angeles Rams,205.71428571428572,241.14607785451057
Tagovailoa,Miami Dolphins,1.1722378784594263,Minnesota Vikings,275.57142857142856,323.0352667926047
Tagovailoa,Miami Dolphins,1.1722378784594263,New England Patriots,224.5,263.1674037141412
Tagovailoa,Miami Dolphins,1.1722378784594263,New Orleans Saints,208.25,244.11853818917552
Tagovailoa,Miami Dolphins,1.1722378784594263,New York Giants,208.375,244.26506792398294
Tagovailoa,Miami Dolphins,1.1722378784594263,New York Jets,203.375,238.40387853168582
Tagovailoa,Miami Dolphins,1.1722378784594263,Philadelphia Eagles,183.42857142857142,215.0219194202719
Tagovailoa,Miami Dolphins,1.1722378784594263,Pittsburgh Steelers,277.25,325.00295180287594
Tagovailoa,Miami Dolphins,1.1722378784594263,San Francisco 49ers,199.25,233.5683972830407
Tagovailoa,Miami Dolphins,1.1722378784594263,Seattle Seahawks,236.625,277.3807879904617
Tagovailoa,Miami Dolphins,1.1722378784594263,Tampa Bay Buccaneers,194.0,227.4141484211287
Tagovailoa,Miami Dolphins,1.1722378784594263,Tennessee Titans,254.71428571428572,298.58573389902244
Tagovailoa,Miami Dolphins,1.1722378784594263,Washington Commanders,214.0,250.85890599031723
Cousins,Minnesota Vikings,1.0381241419177687,Arizona Cardinals,252.25,261.86681479875716
Cousins,Minnesota Vikings,1.0381241419177687,Atlanta Falcons,306.875,318.57434605101525
Cousins,Minnesota Vikings,1.0381241419177687,Baltimore Ravens,266.75,276.9196148565648
Cousins,Minnesota Vikings,1.0381241419177687,Buffalo Bills,203.14285714285714,210.88750425815243
Cousins,Minnesota Vikings,1.0381241419177687,Carolina Panthers,232.0,240.84480092492234
Cousins,Minnesota Vikings,1.0381241419177687,Chicago Bears,188.0,195.16733868054052
Cousins,Minnesota Vikings,1.0381241419177687,Cincinnati Bengals,210.375,218.39536635595059
Cousins,Minnesota Vikings,1.0381241419177687,Cleveland Browns,208.25,216.18935255437532
Cousins,Minnesota Vikings,1.0381241419177687,Dallas Cowboys,178.375,185.17539381458198
Cousins,Minnesota Vikings,1.0381241419177687,Denver Broncos,165.75,172.06907652287015
Cousins,Minnesota Vikings,1.0381241419177687,Detroit Lions,266.42857142857144,276.5859320966627
Cousins,Minnesota Vikings,1.0381241419177687,Green Bay Packers,174.75,181.41219380013007
Cousins,Minnesota Vikings,1.0381241419177687,Houston Texans,217.57142857142858,225.8661525915374
Cousins,Minnesota Vikings,1.0381241419177687,Indianapolis Colts,199.75,207.3652973480743
Cousins,Minnesota Vikings,1.0381241419177687,Jacksonville Jaguars,237.125,246.1651871522509
Cousins,Minnesota Vikings,1.0381241419177687,Kansas City Chiefs,277.0,287.5603873112219
Cousins,Minnesota Vikings,1.0381241419177687,Las Vegas Raiders,258.14285714285717,267.9843320636297
Cousins,Minnesota Vikings,1.0381241419177687,Los Angeles Chargers,220.0,228.3873112219091
Cousins,Minnesota Vikings,1.0381241419177687,Los Angeles Rams,205.71428571428572,213.55696633736957
Cousins,Minnesota Vikings,1.0381241419177687,Miami Dolphins,262.125,272.11829070019513
Cousins,Minnesota Vikings,1.0381241419177687,New England Patriots,224.5,233.05886986053906
Cousins,Minnesota Vikings,1.0381241419177687,New Orleans Saints,208.25,216.18935255437532
Cousins,Minnesota Vikings,1.0381241419177687,New York Giants,208.375,216.31911807211506
Cousins,Minnesota Vikings,1.0381241419177687,New York Jets,203.375,211.12849736252622
Cousins,Minnesota Vikings,1.0381241419177687,Philadelphia Eagles,183.42857142857142,190.42162831748786
Cousins,Minnesota Vikings,1.0381241419177687,Pittsburgh Steelers,277.25,287.81991834670134
Cousins,Minnesota Vikings,1.0381241419177687,San Francisco 49ers,199.25,206.84623527711543
Cousins,Minnesota Vikings,1.0381241419177687,Seattle Seahawks,236.625,245.646125081292
Cousins,Minnesota Vikings,1.0381241419177687,Tampa Bay Buccaneers,194.0,201.39608353204713
Cousins,Minnesota Vikings,1.0381241419177687,Tennessee Titans,254.71428571428572,264.42504929134026
Cousins,Minnesota Vikings,1.0381241419177687,Washington Commanders,214.0,222.1585663704025
Dalton,New England Patriots,0.9848977527277982,Arizona Cardinals,252.25,248.4404581255871
Dalton,New England Patriots,0.9848977527277982,Atlanta Falcons,306.875,302.2404978683431
Dalton,New England Patriots,0.9848977527277982,Baltimore Ravens,266.75,262.7214755401402
Dalton,New England Patriots,0.9848977527277982,Buffalo Bills,203.14285714285714,200.07494348270416
Dalton,New England Patriots,0.9848977527277982,Carolina Panthers,232.0,228.4962786328492
Dalton,New England Patriots,0.9848977527277982,Chicago Bears,188.0,185.16077751282606
Dalton,New England Patriots,0.9848977527277982,Cincinnati Bengals,210.375,207.19786473011055
Dalton,New England Patriots,0.9848977527277982,Cleveland Browns,208.25,205.104957005564
Dalton,New England Patriots,0.9848977527277982,Dallas Cowboys,178.375,175.681136642821
Dalton,New England Patriots,0.9848977527277982,Denver Broncos,165.75,163.24680251463255
Dalton,New England Patriots,0.9848977527277982,Detroit Lions,266.42857142857144,262.40490126247767
Dalton,New England Patriots,0.9848977527277982,Green Bay Packers,174.75,172.11088228918274
Dalton,New England Patriots,0.9848977527277982,Houston Texans,217.57142857142858,214.2856110577767
Dalton,New England Patriots,0.9848977527277982,Indianapolis Colts,199.75,196.7333261073777
Dalton,New England Patriots,0.9848977527277982,Jacksonville Jaguars,237.125,233.54387961557916
Dalton,New England Patriots,0.9848977527277982,Kansas City Chiefs,277.0,272.8166775056001
Dalton,New England Patriots,0.9848977527277982,Las Vegas Raiders,258.14285714285717,254.24431988273307
Dalton,New England Patriots,0.9848977527277982,Los Angeles Chargers,220.0,216.6775056001156
Dalton,New England Patriots,0.9848977527277982,Los Angeles Rams,205.71428571428572,202.60753770400422
Dalton,New England Patriots,0.9848977527277982,Miami Dolphins,262.125,258.1663234337741
Dalton,New England Patriots,0.9848977527277982,Minnesota Vikings,275.57142857142856,271.40968071598894
Dalton,New England Patriots,0.9848977527277982,New Orleans Saints,208.25,205.104957005564
Dalton,New England Patriots,0.9848977527277982,New York Giants,208.375,205.22806922465494
Dalton,New England Patriots,0.9848977527277982,New York Jets,203.375,200.30358046101597
Dalton,New England Patriots,0.9848977527277982,Philadelphia Eagles,183.42857142857142,180.6583877860704
Dalton,New England Patriots,0.9848977527277982,Pittsburgh Steelers,277.25,273.06290194378204
Dalton,New England Patriots,0.9848977527277982,San Francisco 49ers,199.25,196.2408772310138
Dalton,New England Patriots,0.9848977527277982,Seattle Seahawks,236.625,233.05143073921525
Dalton,New England Patriots,0.9848977527277982,Tampa Bay Buccaneers,194.0,191.07016402919285
Dalton,New England Patriots,0.9848977527277982,Tennessee Titans,254.71428571428572,250.86752758766633
Dalton,New England Patriots,0.9848977527277982,Washington Commanders,214.0,210.76811908374881
Jones,New Oreleans Saints,0.8323433774116626,Arizona Cardinals,252.25,209.95861695209192
Jones,New Oreleans Saints,0.8323433774116626,Atlanta Falcons,306.875,255.42537394320397
Jones,New Oreleans Saints,0.8323433774116626,Baltimore Ravens,266.75,222.027595924561
Jones,New Oreleans Saints,0.8323433774116626,Buffalo Bills,203.14285714285714,169.0846118113406
Jones,New Oreleans Saints,0.8323433774116626,Carolina Panthers,232.0,193.10366355950572
Jones,New Oreleans Saints,0.8323433774116626,Chicago Bears,188.0,156.48055495339258
Jones,New Oreleans Saints,0.8323433774116626,Cincinnati Bengals,210.375,175.10423802297854
Jones,New Oreleans Saints,0.8323433774116626,Cleveland Browns,208.25,173.33550834597875
Jones,New Oreleans Saints,0.8323433774116626,Dallas Cowboys,178.375,148.46924994580533
Jones,New Oreleans Saints,0.8323433774116626,Denver Broncos,165.75,137.9609148059831
Jones,New Oreleans Saints,0.8323433774116626,Detroit Lions,266.42857142857144,221.76005698182155
Jones,New Oreleans Saints,0.8323433774116626,Green Bay Packers,174.75,145.45200520268804
Jones,New Oreleans Saints,0.8323433774116626,Houston Texans,217.57142857142858,181.0941376854232
Jones,New Oreleans Saints,0.8323433774116626,Indianapolis Colts,199.75,166.26058963797962
Jones,New Oreleans Saints,0.8323433774116626,Jacksonville Jaguars,237.125,197.3694233687405
Jones,New Oreleans Saints,0.8323433774116626,Kansas City Chiefs,277.0,230.55911554303054
Jones,New Oreleans Saints,0.8323433774116626,Las Vegas Raiders,258.14285714285717,214.86349756898207
Jones,New Oreleans Saints,0.8323433774116626,Los Angeles Chargers,220.0,183.1155430305658
Jones,New Oreleans Saints,0.8323433774116626,Los Angeles Rams,205.71428571428572,171.22492335325632
Jones,New Oreleans Saints,0.8323433774116626,Miami Dolphins,262.125,218.17800780403206
Jones,New Oreleans Saints,0.8323433774116626,Minnesota Vikings,275.57142857142856,229.37005357529958
Jones,New Oreleans Saints,0.8323433774116626,New England Patriots,224.5,186.86108822891828
Jones,New Oreleans Saints,0.8323433774116626,New Orleans Saints,208.25,173.33550834597875
Jones,New Oreleans Saints,0.8323433774116626,New York Giants,208.375,173.4395512681552
Jones,New Oreleans Saints,0.8323433774116626,New York Jets,203.375,169.27783438109688
Jones,New Oreleans Saints,0.8323433774116626,Philadelphia Eagles,183.42857142857142,152.67555665665353
Jones,New Oreleans Saints,0.8323433774116626,Pittsburgh Steelers,277.25,230.76720138738347
Jones,New Oreleans Saints,0.8323433774116626,San Francisco 49ers,199.25,165.84441794927378
Jones,New Oreleans Saints,0.8323433774116626,Seattle Seahawks,236.625,196.95325168003467
Jones,New Oreleans Saints,0.8323433774116626,Tampa Bay Buccaneers,194.0,161.47461521786255
Jones,New Oreleans Saints,0.8323433774116626,Tennessee Titans,254.71428571428572,212.00974884642778
Jones,New Oreleans Saints,0.8323433774116626,Washington Commanders,214.0,178.1214827660958
Jones,New York Giants,0.7330153912854975,Arizona Cardinals,252.25,184.90313245176677
Jones,New York Giants,0.7330153912854975,Atlanta Falcons,306.875,224.94409820073705
Jones,New York Giants,0.7330153912854975,Baltimore Ravens,266.75,195.53185562540648
Jones,New York Giants,0.7330153912854975,Buffalo Bills,203.14285714285714,148.90684091542536
Jones,New York Giants,0.7330153912854975,Carolina Panthers,232.0,170.05957077823544
Jones,New York Giants,0.7330153912854975,Chicago Bears,188.0,137.80689356167355
Jones,New York Giants,0.7330153912854975,Cincinnati Bengals,210.375,154.20811294168655
Jones,New York Giants,0.7330153912854975,Cleveland Browns,208.25,152.65045523520487
Jones,New York Giants,0.7330153912854975,Dallas Cowboys,178.375,130.7516204205506
Jones,New York Giants,0.7330153912854975,Denver Broncos,165.75,121.49730110557121
Jones,New York Giants,0.7330153912854975,Detroit Lions,266.42857142857144,195.2962435353504
Jones,New York Giants,0.7330153912854975,Green Bay Packers,174.75,128.0944396271407
Jones,New York Giants,0.7330153912854975,Houston Texans,217.57142857142858,159.4832058468304
Jones,New York Giants,0.7330153912854975,Indianapolis Colts,199.75,146.41982440927814
Jones,New York Giants,0.7330153912854975,Jacksonville Jaguars,237.125,173.8162746585736
Jones,New York Giants,0.7330153912854975,Kansas City Chiefs,277.0,203.0452633860828
Jones,New York Giants,0.7330153912854975,Las Vegas Raiders,258.14285714285717,189.22268743612773
Jones,New York Giants,0.7330153912854975,Los Angeles Chargers,220.0,161.26338608280946
Jones,New York Giants,0.7330153912854975,Los Angeles Rams,205.71428571428572,150.79173763587377
Jones,New York Giants,0.7330153912854975,Miami Dolphins,262.125,192.14165944071104
Jones,New York Giants,0.7330153912854975,Minnesota Vikings,275.57142857142856,201.99809854138923
Jones,New York Giants,0.7330153912854975,New England Patriots,224.5,164.5619553435942
Jones,New York Giants,0.7330153912854975,New Orleans Saints,208.25,152.65045523520487
Jones,New York Giants,0.7330153912854975,New York Jets,203.375,149.07700520268807
Jones,New York Giants,0.7330153912854975,Philadelphia Eagles,183.42857142857142,134.4559660586541
Jones,New York Giants,0.7330153912854975,Pittsburgh Steelers,277.25,203.2285172339042
Jones,New York Giants,0.7330153912854975,San Francisco 49ers,199.25,146.05331671363538
Jones,New York Giants,0.7330153912854975,Seattle Seahawks,236.625,173.44976696293085
Jones,New York Giants,0.7330153912854975,Tampa Bay Buccaneers,194.0,142.20498590938652
Jones,New York Giants,0.7330153912854975,Tennessee Titans,254.71428571428572,186.70949180886316
Jones,New York Giants,0.7330153912854975,Washington Commanders,214.0,156.86529373509646
Wilson,New York Jets,0.8784449743478575,Arizona Cardinals,252.25,221.58774477924706
Wilson,New York Jets,0.8784449743478575,Atlanta Falcons,306.875,269.5728015029988
Wilson,New York Jets,0.8784449743478575,Baltimore Ravens,266.75,234.325196907291
Wilson,New York Jets,0.8784449743478575,Buffalo Bills,203.14285714285714,178.44982193180763
Wilson,New York Jets,0.8784449743478575,Carolina Panthers,232.0,203.79923404870294
Wilson,New York Jets,0.8784449743478575,Chicago Bears,188.0,165.1476551773972
Wilson,New York Jets,0.8784449743478575,Cincinnati Bengals,210.375,184.80286147843051
Wilson,New York Jets,0.8784449743478575,Cleveland Browns,208.25,182.93616590794133
Wilson,New York Jets,0.8784449743478575,Dallas Cowboys,178.375,156.69262229929907
Wilson,New York Jets,0.8784449743478575,Denver Broncos,165.75,145.60225449815738
Wilson,New York Jets,0.8784449743478575,Detroit Lions,266.42857142857144,234.04283959410776
Wilson,New York Jets,0.8784449743478575,Green Bay Packers,174.75,153.5082592672881
Wilson,New York Jets,0.8784449743478575,Houston Texans,217.57142857142858,191.1245279902553
Wilson,New York Jets,0.8784449743478575,Indianapolis Colts,199.75,175.46938362598453
Wilson,New York Jets,0.8784449743478575,Jacksonville Jaguars,237.125,208.3012645422357
Wilson,New York Jets,0.8784449743478575,Kansas City Chiefs,277.0,243.32925789435654
Wilson,New York Jets,0.8784449743478575,Las Vegas Raiders,258.14285714285717,226.7642955209398
Wilson,New York Jets,0.8784449743478575,Los Angeles Chargers,220.0,193.25789435652865
Wilson,New York Jets,0.8784449743478575,Los Angeles Rams,205.71428571428572,180.70868043727356
Wilson,New York Jets,0.8784449743478575,Miami Dolphins,262.125,230.26238890093214
Wilson,New York Jets,0.8784449743478575,Minnesota Vikings,275.57142857142856,242.074336502431
Wilson,New York Jets,0.8784449743478575,New England Patriots,224.5,197.21089674109402
Wilson,New York Jets,0.8784449743478575,New Orleans Saints,208.25,182.93616590794133
Wilson,New York Jets,0.8784449743478575,New York Giants,208.375,183.0459715297348
Wilson,New York Jets,0.8784449743478575,Philadelphia Eagles,183.42857142857142,161.13190672323557
Wilson,New York Jets,0.8784449743478575,Pittsburgh Steelers,277.25,243.54886913794348
Wilson,New York Jets,0.8784449743478575,San Francisco 49ers,199.25,175.0301611388106
Wilson,New York Jets,0.8784449743478575,Seattle Seahawks,236.625,207.86204205506178
Wilson,New York Jets,0.8784449743478575,Tampa Bay Buccaneers,194.0,170.41832502348436
Wilson,New York Jets,0.8784449743478575,Tennessee Titans,254.71428571428572,223.75248418031856
Wilson,New York Jets,0.8784449743478575,Washington Commanders,214.0,187.9872245104415
Hurts,Philadelphia Eagles,1.077100946600188,Arizona Cardinals,252.25,271.6987137798974
Hurts,Philadelphia Eagles,1.077100946600188,Atlanta Falcons,306.875,330.5353529879327
Hurts,Philadelphia Eagles,1.077100946600188,Baltimore Ravens,266.75,287.3166775056001
Hurts,Philadelphia Eagles,1.077100946600188,Buffalo Bills,203.14285714285714,218.80536372363818
Hurts,Philadelphia Eagles,1.077100946600188,Carolina Panthers,232.0,249.88741961124362
Hurts,Philadelphia Eagles,1.077100946600188,Chicago Bears,188.0,202.49497796083534
Hurts,Philadelphia Eagles,1.077100946600188,Cincinnati Bengals,210.375,226.59511164101454
Hurts,Philadelphia Eagles,1.077100946600188,Cleveland Browns,208.25,224.30627212948914
Hurts,Philadelphia Eagles,1.077100946600188,Dallas Cowboys,178.375,192.12788134980852
Hurts,Philadelphia Eagles,1.077100946600188,Denver Broncos,165.75,178.52948189898115
Hurts,Philadelphia Eagles,1.077100946600188,Detroit Lions,266.42857142857144,286.9704664870501
Hurts,Philadelphia Eagles,1.077100946600188,Green Bay Packers,174.75,188.22339041838285
Hurts,Philadelphia Eagles,1.077100946600188,Houston Texans,217.57142857142858,234.3463916674409
Hurts,Philadelphia Eagles,1.077100946600188,Indianapolis Colts,199.75,215.15091408338753
Hurts,Philadelphia Eagles,1.077100946600188,Jacksonville Jaguars,237.125,255.40756196256956
Hurts,Philadelphia Eagles,1.077100946600188,Kansas City Chiefs,277.0,298.35696220825207
Hurts,Philadelphia Eagles,1.077100946600188,Las Vegas Raiders,258.14285714285717,278.04591578664855
Hurts,Philadelphia Eagles,1.077100946600188,Los Angeles Chargers,220.0,236.96220825204136
Hurts,Philadelphia Eagles,1.077100946600188,Los Angeles Rams,205.71428571428572,221.57505187203867
Hurts,Philadelphia Eagles,1.077100946600188,Miami Dolphins,262.125,282.33508562757424
Hurts,Philadelphia Eagles,1.077100946600188,Minnesota Vikings,275.57142857142856,296.8182465702518
Hurts,Philadelphia Eagles,1.077100946600188,New England Patriots,224.5,241.8091625117422
Hurts,Philadelphia Eagles,1.077100946600188,New Orleans Saints,208.25,224.30627212948914
Hurts,Philadelphia Eagles,1.077100946600188,New York Giants,208.375,224.44090974781417
Hurts,Philadelphia Eagles,1.077100946600188,New York Jets,203.375,219.05540501481323
Hurts,Philadelphia Eagles,1.077100946600188,Pittsburgh Steelers,277.25,298.62623744490213
Hurts,Philadelphia Eagles,1.077100946600188,San Francisco 49ers,199.25,214.61236361008744
Hurts,Philadelphia Eagles,1.077100946600188,Seattle Seahawks,236.625,254.86901148926947
Hurts,Philadelphia Eagles,1.077100946600188,Tampa Bay Buccaneers,194.0,208.95758364043647
Hurts,Philadelphia Eagles,1.077100946600188,Tennessee Titans,254.71428571428572,274.35299825544786
Hurts,Philadelphia Eagles,1.077100946600188,Washington Commanders,214.0,230.4996025724402
Smith,San Francisco 49ers,1.0079485511958957,Arizona Cardinals,252.25,254.2550220391647
Smith,San Francisco 49ers,1.0079485511958957,Atlanta Falcons,306.875,309.3142116482405
Smith,San Francisco 49ers,1.0079485511958957,Baltimore Ravens,266.75,268.87027603150517
Smith,San Francisco 49ers,1.0079485511958957,Buffalo Bills,203.14285714285714,204.75754854293766
Smith,San Francisco 49ers,1.0079485511958957,Carolina Panthers,232.0,233.84406387744778
Smith,San Francisco 49ers,1.0079485511958957,Chicago Bears,188.0,189.49432762482837
Smith,San Francisco 49ers,1.0079485511958957,Cincinnati Bengals,210.375,212.04717645783654
Smith,San Francisco 49ers,1.0079485511958957,Cleveland Browns,208.25,209.90528578654528
Smith,San Francisco 49ers,1.0079485511958957,Dallas Cowboys,178.375,179.79282281956787
Smith,San Francisco 49ers,1.0079485511958957,Denver Broncos,165.75,167.0674723607197
Smith,San Francisco 49ers,1.0079485511958957,Detroit Lions,266.42857142857144,268.5462925686208
Smith,San Francisco 49ers,1.0079485511958957,Green Bay Packers,174.75,176.13900932148277
Smith,San Francisco 49ers,1.0079485511958957,Houston Texans,217.57142857142858,219.30080621019275
Smith,San Francisco 49ers,1.0079485511958957,Indianapolis Colts,199.75,201.33772310138016
Smith,San Francisco 49ers,1.0079485511958957,Jacksonville Jaguars,237.125,239.00980020232674
Smith,San Francisco 49ers,1.0079485511958957,Kansas City Chiefs,277.0,279.2017486812631
Smith,San Francisco 49ers,1.0079485511958957,Las Vegas Raiders,258.14285714285717,260.19471885871195
Smith,San Francisco 49ers,1.0079485511958957,Los Angeles Chargers,220.0,221.74868126309704
Smith,San Francisco 49ers,1.0079485511958957,Los Angeles Rams,205.71428571428572,207.34941624601282
Smith,San Francisco 49ers,1.0079485511958957,Miami Dolphins,262.125,264.20851398222413
Smith,San Francisco 49ers,1.0079485511958957,Minnesota Vikings,275.57142857142856,277.76182217955466
Smith,San Francisco 49ers,1.0079485511958957,New England Patriots,224.5,226.28444974347858
Smith,San Francisco 49ers,1.0079485511958957,New Orleans Saints,208.25,209.90528578654528
Smith,San Francisco 49ers,1.0079485511958957,New York Giants,208.375,210.03127935544475
Smith,San Francisco 49ers,1.0079485511958957,New York Jets,203.375,204.9915365994653
Smith,San Francisco 49ers,1.0079485511958957,Philadelphia Eagles,183.42857142857142,184.88656281936142
Smith,San Francisco 49ers,1.0079485511958957,Pittsburgh Steelers,277.25,279.45373581906205
Smith,San Francisco 49ers,1.0079485511958957,Seattle Seahawks,236.625,238.50582592672882
Smith,San Francisco 49ers,1.0079485511958957,Tampa Bay Buccaneers,194.0,195.54201893200377
Smith,San Francisco 49ers,1.0079485511958957,Tennessee Titans,254.71428571428572,256.7388952546117
Smith,San Francisco 49ers,1.0079485511958957,Washington Commanders,214.0,215.70098995592167
Brady,Tampa Bay Buccaneers,1.1877447792470555,Arizona Cardinals,252.25,299.6086205650697
Brady,Tampa Bay Buccaneers,1.1877447792470555,Atlanta Falcons,306.875,364.48917913144015
Brady,Tampa Bay Buccaneers,1.1877447792470555,Baltimore Ravens,266.75,316.83091986415207
Brady,Tampa Bay Buccaneers,1.1877447792470555,Buffalo Bills,203.14285714285714,241.28186801275896
Brady,Tampa Bay Buccaneers,1.1877447792470555,Carolina Panthers,232.0,275.5567887853169
Brady,Tampa Bay Buccaneers,1.1877447792470555,Chicago Bears,188.0,223.29601849844641
Brady,Tampa Bay Buccaneers,1.1877447792470555,Cincinnati Bengals,210.375,249.87180793409928
Brady,Tampa Bay Buccaneers,1.1877447792470555,Cleveland Browns,208.25,247.3478502781993
Brady,Tampa Bay Buccaneers,1.1877447792470555,Dallas Cowboys,178.375,211.86397499819353
Brady,Tampa Bay Buccaneers,1.1877447792470555,Denver Broncos,165.75,196.86869716019945
Brady,Tampa Bay Buccaneers,1.1877447792470555,Detroit Lions,266.42857142857144,316.44914475653695
Brady,Tampa Bay Buccaneers,1.1877447792470555,Green Bay Packers,174.75,207.55840017342294
Brady,Tampa Bay Buccaneers,1.1877447792470555,Houston Texans,217.57142857142858,258.41932839903797
Brady,Tampa Bay Buccaneers,1.1877447792470555,Indianapolis Colts,199.75,237.25201965459934
Brady,Tampa Bay Buccaneers,1.1877447792470555,Jacksonville Jaguars,237.125,281.64398077895805
Brady,Tampa Bay Buccaneers,1.1877447792470555,Kansas City Chiefs,277.0,329.00530385143435
Brady,Tampa Bay Buccaneers,1.1877447792470555,Las Vegas Raiders,258.14285714285717,306.60783087134706
Brady,Tampa Bay Buccaneers,1.1877447792470555,Los Angeles Chargers,220.0,261.3038514343522
Brady,Tampa Bay Buccaneers,1.1877447792470555,Los Angeles Rams,205.71428571428572,244.33606887367998
Brady,Tampa Bay Buccaneers,1.1877447792470555,Miami Dolphins,262.125,311.3376002601344
Brady,Tampa Bay Buccaneers,1.1877447792470555,Minnesota Vikings,275.57142857142856,327.30852559536714
Brady,Tampa Bay Buccaneers,1.1877447792470555,New England Patriots,224.5,266.648702940964
Brady,Tampa Bay Buccaneers,1.1877447792470555,New Orleans Saints,208.25,247.3478502781993
Brady,Tampa Bay Buccaneers,1.1877447792470555,New York Giants,208.375,247.49631837560517
Brady,Tampa Bay Buccaneers,1.1877447792470555,New York Jets,203.375,241.5575944793699
Brady,Tampa Bay Buccaneers,1.1877447792470555,Philadelphia Eagles,183.42857142857142,217.8663280790313
Brady,Tampa Bay Buccaneers,1.1877447792470555,Pittsburgh Steelers,277.25,329.30224004624614
Brady,Tampa Bay Buccaneers,1.1877447792470555,San Francisco 49ers,199.25,236.6581472649758
Brady,Tampa Bay Buccaneers,1.1877447792470555,Seattle Seahawks,236.625,281.0501083893345
Brady,Tampa Bay Buccaneers,1.1877447792470555,Tennessee Titans,254.71428571428572,302.5355630567857
Brady,Tampa Bay Buccaneers,1.1877447792470555,Washington Commanders,214.0,254.17738275886987
Tannehill,Tennessee Titans,0.7661247199942193,Arizona Cardinals,252.25,193.25496061854182
Tannehill,Tennessee Titans,0.7661247199942193,Atlanta Falcons,306.875,235.10452344822605
Tannehill,Tennessee Titans,0.7661247199942193,Baltimore Ravens,266.75,204.363769058458
Tannehill,Tennessee Titans,0.7661247199942193,Buffalo Bills,203.14285714285714,155.6327645473971
Tannehill,Tennessee Titans,0.7661247199942193,Carolina Panthers,232.0,177.74093503865888
Tannehill,Tennessee Titans,0.7661247199942193,Chicago Bears,188.0,144.03144735891323
Tannehill,Tennessee Titans,0.7661247199942193,Cincinnati Bengals,210.375,161.1734879687839
Tannehill,Tennessee Titans,0.7661247199942193,Cleveland Browns,208.25,159.54547293879617
Tannehill,Tennessee Titans,0.7661247199942193,Dallas Cowboys,178.375,136.65749692896887
Tannehill,Tennessee Titans,0.7661247199942193,Denver Broncos,165.75,126.98517233904184
Tannehill,Tennessee Titans,0.7661247199942193,Detroit Lions,266.42857142857144,204.11751468417415
Tannehill,Tennessee Titans,0.7661247199942193,Green Bay Packers,174.75,133.88029481898982
Tannehill,Tennessee Titans,0.7661247199942193,Houston Texans,217.57142857142858,166.686849793028
Tannehill,Tennessee Titans,0.7661247199942193,Indianapolis Colts,199.75,153.0334128188453
Tannehill,Tennessee Titans,0.7661247199942193,Jacksonville Jaguars,237.125,181.66732422862924
Tannehill,Tennessee Titans,0.7661247199942193,Kansas City Chiefs,277.0,212.21654743839875
Tannehill,Tennessee Titans,0.7661247199942193,Las Vegas Raiders,258.14285714285717,197.76962414707918
Tannehill,Tennessee Titans,0.7661247199942193,Los Angeles Chargers,220.0,168.54743839872825
Tannehill,Tennessee Titans,0.7661247199942193,Los Angeles Rams,205.71428571428572,157.60279954166796
Tannehill,Tennessee Titans,0.7661247199942193,Miami Dolphins,262.125,200.82044222848472
Tannehill,Tennessee Titans,0.7661247199942193,Minnesota Vikings,275.57142857142856,211.1220835526927
Tannehill,Tennessee Titans,0.7661247199942193,New England Patriots,224.5,171.99499963870224
Tannehill,Tennessee Titans,0.7661247199942193,New Orleans Saints,208.25,159.54547293879617
Tannehill,Tennessee Titans,0.7661247199942193,New York Giants,208.375,159.64123852879544
Tannehill,Tennessee Titans,0.7661247199942193,New York Jets,203.375,155.81061492882435
Tannehill,Tennessee Titans,0.7661247199942193,Philadelphia Eagles,183.42857142857142,140.52916292465392
Tannehill,Tennessee Titans,0.7661247199942193,Pittsburgh Steelers,277.25,212.4080786183973
Tannehill,Tennessee Titans,0.7661247199942193,San Francisco 49ers,199.25,152.65035045884818
Tannehill,Tennessee Titans,0.7661247199942193,Seattle Seahawks,236.625,181.28426186863214
Tannehill,Tennessee Titans,0.7661247199942193,Tampa Bay Buccaneers,194.0,148.62819567887854
Tannehill,Tennessee Titans,0.7661247199942193,Washington Commanders,214.0,163.95069007876293
Wentz,Washington Commanders,1.040219669051232,Arizona Cardinals,252.25,262.39541151817326
Wentz,Washington Commanders,1.040219669051232,Atlanta Falcons,306.875,319.21741094009684
Wentz,Washington Commanders,1.040219669051232,Baltimore Ravens,266.75,277.47859671941615
Wentz,Washington Commanders,1.040219669051232,Buffalo Bills,203.14285714285714,211.31319562726455
Wentz,Washington Commanders,1.040219669051232,Carolina Panthers,232.0,241.33096321988583
Wentz,Washington Commanders,1.040219669051232,Chicago Bears,188.0,195.56129778163162
Wentz,Washington Commanders,1.040219669051232,Cincinnati Bengals,210.375,218.83621287665292
Wentz,Washington Commanders,1.040219669051232,Cleveland Browns,208.25,216.62574607991905
Wentz,Washington Commanders,1.040219669051232,Dallas Cowboys,178.375,185.5491834670135
Wentz,Washington Commanders,1.040219669051232,Denver Broncos,165.75,172.4164101452417
Wentz,Washington Commanders,1.040219669051232,Detroit Lions,266.42857142857144,277.1442403972211
Wentz,Washington Commanders,1.040219669051232,Green Bay Packers,174.75,181.7783871667028
Wentz,Washington Commanders,1.040219669051232,Houston Texans,217.57142857142858,226.3220794235752
Wentz,Washington Commanders,1.040219669051232,Indianapolis Colts,199.75,207.78387889298358
Wentz,Washington Commanders,1.040219669051232,Jacksonville Jaguars,237.125,246.66208902377338
Wentz,Washington Commanders,1.040219669051232,Kansas City Chiefs,277.0,288.14084832719124
Wentz,Washington Commanders,1.040219669051232,Las Vegas Raiders,258.14285714285717,268.5252774250823
Wentz,Washington Commanders,1.040219669051232,Los Angeles Chargers,220.0,228.84832719127104
Wentz,Washington Commanders,1.040219669051232,Los Angeles Rams,205.71428571428572,213.98804620482488
Wentz,Washington Commanders,1.040219669051232,Miami Dolphins,262.125,272.6675807500542
Wentz,Washington Commanders,1.040219669051232,Minnesota Vikings,275.57142857142856,286.6548202285466
Wentz,Washington Commanders,1.040219669051232,New England Patriots,224.5,233.52931570200158
Wentz,Washington Commanders,1.040219669051232,New Orleans Saints,208.25,216.62574607991905
Wentz,Washington Commanders,1.040219669051232,New York Giants,208.375,216.75577353855047
Wentz,Washington Commanders,1.040219669051232,New York Jets,203.375,211.55467519329432
Wentz,Washington Commanders,1.040219669051232,Philadelphia Eagles,183.42857142857142,190.80600786596884
Wentz,Washington Commanders,1.040219669051232,Pittsburgh Steelers,277.25,288.40090324445407
Wentz,Washington Commanders,1.040219669051232,San Francisco 49ers,199.25,207.26376905845797
Wentz,Washington Commanders,1.040219669051232,Seattle Seahawks,236.625,246.14197918924776
Wentz,Washington Commanders,1.040219669051232,Tampa Bay Buccaneers,194.0,201.802615795939
Wentz,Washington Commanders,1.040219669051232,Tennessee Titans,254.71428571428572,264.95880998833525
